"","test","subj","year","grade","itemno","dichot","scoring","a","sda","b","sdb","c","sdc","D","d0","sdd0","d1","sdd1","d2","sdd2","d3","sdd3","d4","sdd4"
"1","MCAS","MTH","2011","3",203711,TRUE,TRUE,1.30073,0.01721,-0.54872,0.01353,0.16893,0.00809,1.701,NA,NA,NA,NA,NA,NA,NA,NA,NA,NA
"2","MCAS","MTH","2011","3",207767,TRUE,TRUE,1.28741,0.02059,-0.76,0.01978,0.31763,0.01072,1.701,NA,NA,NA,NA,NA,NA,NA,NA,NA,NA
"3","MCAS","MTH","2011","3",264562,TRUE,TRUE,0.89952,0.01304,-0.52133,0.01989,0.08318,0.0101,1.701,NA,NA,NA,NA,NA,NA,NA,NA,NA,NA
"4","MCAS","MTH","2011","3",206959,TRUE,TRUE,0.86045,0.01535,-1.00552,0.0363,0.20215,0.01773,1.701,NA,NA,NA,NA,NA,NA,NA,NA,NA,NA
"5","MCAS","MTH","2011","3",212475,TRUE,TRUE,1.32272,0.02021,-0.62623,0.01704,0.29474,0.00944,1.701,NA,NA,NA,NA,NA,NA,NA,NA,NA,NA
"6","MCAS","MTH","2011","3",294316,TRUE,TRUE,1.20169,0.01579,-0.34229,0.01276,0.14154,0.00722,1.701,NA,NA,NA,NA,NA,NA,NA,NA,NA,NA
"7","MCAS","MTH","2011","3",282101,TRUE,TRUE,0.27082,0.00594,-2.20382,0.05132,0,0,1.701,NA,NA,NA,NA,NA,NA,NA,NA,NA,NA
"8","MCAS","MTH","2011","3",207018,TRUE,TRUE,1.05299,0.01722,-0.52225,0.02148,0.26464,0.01051,1.701,NA,NA,NA,NA,NA,NA,NA,NA,NA,NA
"9","MCAS","MTH","2011","3",252908,TRUE,TRUE,1.16133,0.01685,0.18658,0.01063,0.15479,0.00553,1.701,NA,NA,NA,NA,NA,NA,NA,NA,NA,NA
"10","MCAS","MTH","2011","3",261810,TRUE,TRUE,0.75976,0.01616,-1.41977,0.06183,0.2317,0.0288,1.701,NA,NA,NA,NA,NA,NA,NA,NA,NA,NA
"11","MCAS","MTH","2011","3",260526,TRUE,TRUE,1.35892,0.01818,-0.12363,0.01055,0.18859,0.00605,1.701,NA,NA,NA,NA,NA,NA,NA,NA,NA,NA
"12","MCAS","MTH","2011","3",260524,TRUE,TRUE,0.71165,0.00733,-0.85236,0.01073,0,0,1.701,NA,NA,NA,NA,NA,NA,NA,NA,NA,NA
"13","MCAS","MTH","2011","3",253584,TRUE,TRUE,1.43002,0.01737,-0.22186,0.00928,0.13415,0.00563,1.701,NA,NA,NA,NA,NA,NA,NA,NA,NA,NA
"14","MCAS","MTH","2011","3",273038,TRUE,TRUE,0.85318,0.01499,-0.25197,0.02326,0.18319,0.01044,1.701,NA,NA,NA,NA,NA,NA,NA,NA,NA,NA
"15","MCAS","MTH","2011","3",207799,TRUE,TRUE,0.87601,0.01951,-1.16597,0.05169,0.40584,0.02049,1.701,NA,NA,NA,NA,NA,NA,NA,NA,NA,NA
"16","MCAS","MTH","2011","3",294317,TRUE,TRUE,1.21958,0.02513,-0.25456,0.02199,0.51057,0.00809,1.701,NA,NA,NA,NA,NA,NA,NA,NA,NA,NA
"17","MCAS","MTH","2011","3",207021,TRUE,TRUE,1.01796,0.02209,-1.49178,0.05104,0.41211,0.02372,1.701,NA,NA,NA,NA,NA,NA,NA,NA,NA,NA
"18","MCAS","MTH","2011","3",281209,TRUE,TRUE,0.91497,0.01487,-0.10367,0.01797,0.15574,0.0085,1.701,NA,NA,NA,NA,NA,NA,NA,NA,NA,NA
"19","MCAS","MTH","2011","3",282990,TRUE,TRUE,1.01803,0.01281,-0.36826,0.01336,0.05399,0.00704,1.701,NA,NA,NA,NA,NA,NA,NA,NA,NA,NA
"20","MCAS","MTH","2011","3",263123,TRUE,TRUE,0.81995,0.01365,-1.30706,0.03924,0.07367,0.02165,1.701,NA,NA,NA,NA,NA,NA,NA,NA,NA,NA
"21","MCAS","MTH","2011","3",227238,TRUE,TRUE,1.16027,0.01676,-0.49792,0.01649,0.2036,0.00901,1.701,NA,NA,NA,NA,NA,NA,NA,NA,NA,NA
"22","MCAS","MTH","2011","3",264566,TRUE,TRUE,0.91472,0.01336,-1.52488,0.03197,0,0.02001,1.701,NA,NA,NA,NA,NA,NA,NA,NA,NA,NA
"23","MCAS","MTH","2011","3",218497,TRUE,TRUE,0.9577,0.01409,-0.81315,0.02299,0.11588,0.01241,1.701,NA,NA,NA,NA,NA,NA,NA,NA,NA,NA
"24","MCAS","MTH","2011","3",281979,TRUE,TRUE,1.35471,0.01744,-0.86138,0.01429,0.12465,0.00921,1.701,NA,NA,NA,NA,NA,NA,NA,NA,NA,NA
"25","MCAS","MTH","2011","3",281984,TRUE,TRUE,1.4932,0.0254,0.75199,0.00729,0.19957,0.00353,1.701,NA,NA,NA,NA,NA,NA,NA,NA,NA,NA
"26","MCAS","MTH","2011","3",207140,TRUE,TRUE,1.31251,0.0168,-1.11698,0.01591,0.07306,0.0105,1.701,NA,NA,NA,NA,NA,NA,NA,NA,NA,NA
"27","MCAS","MTH","2011","3",202988,TRUE,FALSE,1.11768,0,-0.5383,0,0.20536,0,1.701,NA,NA,NA,NA,NA,NA,NA,NA,NA,NA
"28","MCAS","MTH","2011","3",218486,TRUE,FALSE,0.56845,0,-1.71476,0,0.21844,0,1.701,NA,NA,NA,NA,NA,NA,NA,NA,NA,NA
"29","MCAS","MTH","2011","3",207010,TRUE,FALSE,1.1305,0,0.45088,0,0.15437,0,1.701,NA,NA,NA,NA,NA,NA,NA,NA,NA,NA
"30","MCAS","MTH","2011","3",203539,TRUE,FALSE,1.18878,0,0.18557,0,0.34876,0,1.701,NA,NA,NA,NA,NA,NA,NA,NA,NA,NA
"31","MCAS","MTH","2011","3",252919,TRUE,FALSE,0.59626,0,0.35019,0,0.0732,0,1.701,NA,NA,NA,NA,NA,NA,NA,NA,NA,NA
"32","MCAS","MTH","2011","3",207776,TRUE,FALSE,0.77917,0,-0.92107,0,0.28786,0,1.701,NA,NA,NA,NA,NA,NA,NA,NA,NA,NA
"33","MCAS","MTH","2011","3",263115,TRUE,FALSE,0.98529,0,1.6668,0,0.14728,0,1.701,NA,NA,NA,NA,NA,NA,NA,NA,NA,NA
"34","MCAS","MTH","2011","3",227276,TRUE,FALSE,0.64517,0,-1.97091,0,0.20683,0,1.701,NA,NA,NA,NA,NA,NA,NA,NA,NA,NA
"35","MCAS","MTH","2011","3",202961,TRUE,FALSE,0.71502,0,-1.57503,0,0.21077,0,1.701,NA,NA,NA,NA,NA,NA,NA,NA,NA,NA
"36","MCAS","MTH","2011","3",206993,TRUE,FALSE,1.15588,0,-0.34452,0,0.2369,0,1.701,NA,NA,NA,NA,NA,NA,NA,NA,NA,NA
"37","MCAS","MTH","2011","3",206980,TRUE,FALSE,1.17369,0,-0.56353,0,0.21991,0,1.701,NA,NA,NA,NA,NA,NA,NA,NA,NA,NA
"38","MCAS","MTH","2011","3",281223,TRUE,FALSE,0.98041,0,-1.0309,0,0.2651,0,1.701,NA,NA,NA,NA,NA,NA,NA,NA,NA,NA
"39","MCAS","MTH","2011","3",218523,TRUE,FALSE,1.12879,0,-0.95709,0,0.08063,0,1.701,NA,NA,NA,NA,NA,NA,NA,NA,NA,NA
"40","MCAS","MTH","2011","3",252969,TRUE,TRUE,0.39328,0.00593,-0.87032,0.01814,0,0,1.701,NA,NA,NA,NA,NA,NA,NA,NA,NA,NA
"41","MCAS","MTH","2011","3",281105,TRUE,TRUE,1.1425,0.00948,0.17151,0.00474,0,0,1.701,NA,NA,NA,NA,NA,NA,NA,NA,NA,NA
"42","MCAS","MTH","2011","3",273041,TRUE,TRUE,0.63596,0.00909,-2.37991,0.02972,0,0,1.701,NA,NA,NA,NA,NA,NA,NA,NA,NA,NA
"43","MCAS","MTH","2011","3",252976,TRUE,TRUE,0.89657,0.00881,-1.15422,0.0108,0,0,1.701,NA,NA,NA,NA,NA,NA,NA,NA,NA,NA
"44","MCAS","MTH","2011","3",283007,TRUE,TRUE,1.41565,0.01112,0.03619,0.00415,0,0,1.701,NA,NA,NA,NA,NA,NA,NA,NA,NA,NA
"45","MCAS","MTH","2011","3",261014,TRUE,TRUE,0.57806,0.00754,-1.83135,0.02285,0,0,1.701,NA,NA,NA,NA,NA,NA,NA,NA,NA,NA
"46","MCAS","MTH","2011","3",227295,TRUE,FALSE,0.68978,0,-0.75402,0,0,0,1.701,NA,NA,NA,NA,NA,NA,NA,NA,NA,NA
"47","MCAS","MTH","2011","3",203643,TRUE,FALSE,0.68004,0,-1.07231,0,0,0,1.701,NA,NA,NA,NA,NA,NA,NA,NA,NA,NA
"48","MCAS","MTH","2011","3",227103,TRUE,FALSE,0.72463,0,-0.46072,0,0,0,1.701,NA,NA,NA,NA,NA,NA,NA,NA,NA,NA
"49","MCAS","MTH","2011","4",250366,TRUE,TRUE,0.95751,0.01586,-1.8305,0.0462,0,0.03467,1.701,NA,NA,NA,NA,NA,NA,NA,NA,NA,NA
"50","MCAS","MTH","2011","4",227560,TRUE,TRUE,0.52682,0.0066,-1.44127,0.02049,0,0,1.701,NA,NA,NA,NA,NA,NA,NA,NA,NA,NA
"51","MCAS","MTH","2011","4",294559,TRUE,TRUE,1.23518,0.02412,-0.3349,0.02323,0.50548,0.00878,1.701,NA,NA,NA,NA,NA,NA,NA,NA,NA,NA
"52","MCAS","MTH","2011","4",258216,TRUE,TRUE,0.72058,0.02416,1.22028,0.02298,0.34223,0.00724,1.701,NA,NA,NA,NA,NA,NA,NA,NA,NA,NA
"53","MCAS","MTH","2011","4",221875,TRUE,TRUE,0.67206,0.0193,0.06152,0.04813,0.42059,0.01313,1.701,NA,NA,NA,NA,NA,NA,NA,NA,NA,NA
"54","MCAS","MTH","2011","4",247521,TRUE,TRUE,1.60141,0.01825,0.78204,0.00495,0.0522,0.00218,1.701,NA,NA,NA,NA,NA,NA,NA,NA,NA,NA
"55","MCAS","MTH","2011","4",227369,TRUE,TRUE,1.0189,0.01738,-0.97007,0.03149,0.27037,0.0161,1.701,NA,NA,NA,NA,NA,NA,NA,NA,NA,NA
"56","MCAS","MTH","2011","4",258277,TRUE,TRUE,1.3029,0.01703,-0.76184,0.01547,0.13842,0.0096,1.701,NA,NA,NA,NA,NA,NA,NA,NA,NA,NA
"57","MCAS","MTH","2011","4",218934,TRUE,TRUE,0.89165,0.02158,0.19339,0.029,0.47273,0.00874,1.701,NA,NA,NA,NA,NA,NA,NA,NA,NA,NA
"58","MCAS","MTH","2011","4",294558,TRUE,TRUE,1.02733,0.01601,-0.41991,0.02127,0.2381,0.01035,1.701,NA,NA,NA,NA,NA,NA,NA,NA,NA,NA
"59","MCAS","MTH","2011","4",272238,TRUE,TRUE,0.71822,0.00812,-1.57871,0.01742,0,0,1.701,NA,NA,NA,NA,NA,NA,NA,NA,NA,NA
"60","MCAS","MTH","2011","4",250362,TRUE,TRUE,0.96981,0.0102,-1.49512,0.01333,0,0,1.701,NA,NA,NA,NA,NA,NA,NA,NA,NA,NA
"61","MCAS","MTH","2011","4",219000,TRUE,TRUE,0.70579,0.01221,-0.19875,0.02784,0.07885,0.0119,1.701,NA,NA,NA,NA,NA,NA,NA,NA,NA,NA
"62","MCAS","MTH","2011","4",227390,TRUE,TRUE,0.74596,0.01457,-1.63846,0.06763,0.06481,0.03921,1.701,NA,NA,NA,NA,NA,NA,NA,NA,NA,NA
"63","MCAS","MTH","2011","4",295244,TRUE,TRUE,0.96611,0.01322,-0.68309,0.02082,0.08359,0.01123,1.701,NA,NA,NA,NA,NA,NA,NA,NA,NA,NA
"64","MCAS","MTH","2011","4",218914,TRUE,TRUE,1.05661,0.01479,-0.96698,0.02275,0.10149,0.01346,1.701,NA,NA,NA,NA,NA,NA,NA,NA,NA,NA
"65","MCAS","MTH","2011","4",227526,TRUE,TRUE,0.79216,0.00861,-1.51686,0.01561,0,0,1.701,NA,NA,NA,NA,NA,NA,NA,NA,NA,NA
"66","MCAS","MTH","2011","4",218906,TRUE,TRUE,0.54775,0.00691,-1.60809,0.02181,0,0,1.701,NA,NA,NA,NA,NA,NA,NA,NA,NA,NA
"67","MCAS","MTH","2011","4",247474,TRUE,TRUE,0.74356,0.00755,-1.07043,0.01253,0,0,1.701,NA,NA,NA,NA,NA,NA,NA,NA,NA,NA
"68","MCAS","MTH","2011","4",294560,TRUE,TRUE,1.20387,0.01559,-0.17367,0.01258,0.15181,0.00686,1.701,NA,NA,NA,NA,NA,NA,NA,NA,NA,NA
"69","MCAS","MTH","2011","4",294561,TRUE,TRUE,0.91307,0.02076,-0.09239,0.03157,0.47444,0.00994,1.701,NA,NA,NA,NA,NA,NA,NA,NA,NA,NA
"70","MCAS","MTH","2011","4",218990,TRUE,TRUE,0.99943,0.01837,-2.14071,0.05929,0,0.05122,1.701,NA,NA,NA,NA,NA,NA,NA,NA,NA,NA
"71","MCAS","MTH","2011","4",281561,TRUE,TRUE,1.077,0.01609,-0.16075,0.01678,0.22167,0.00823,1.701,NA,NA,NA,NA,NA,NA,NA,NA,NA,NA
"72","MCAS","MTH","2011","4",294562,TRUE,TRUE,1.02096,0.01971,0.36358,0.01762,0.34351,0.00693,1.701,NA,NA,NA,NA,NA,NA,NA,NA,NA,NA
"73","MCAS","MTH","2011","4",247528,TRUE,TRUE,1.4109,0.02298,1.19459,0.00698,0.11788,0.00266,1.701,NA,NA,NA,NA,NA,NA,NA,NA,NA,NA
"74","MCAS","MTH","2011","4",279761,TRUE,TRUE,1.46323,0.01842,0.25278,0.00815,0.16117,0.00456,1.701,NA,NA,NA,NA,NA,NA,NA,NA,NA,NA
"75","MCAS","MTH","2011","4",218908,TRUE,TRUE,1.42729,0.01791,0.55246,0.00681,0.11497,0.00355,1.701,NA,NA,NA,NA,NA,NA,NA,NA,NA,NA
"76","MCAS","MTH","2011","4",247523,TRUE,TRUE,0.88836,0.01553,-0.23637,0.0251,0.25009,0.01076,1.701,NA,NA,NA,NA,NA,NA,NA,NA,NA,NA
"77","MCAS","MTH","2011","4",280099,TRUE,TRUE,1.25914,0.02343,1.08382,0.00884,0.2088,0.00368,1.701,NA,NA,NA,NA,NA,NA,NA,NA,NA,NA
"78","MCAS","MTH","2011","4",258267,TRUE,TRUE,1.17724,0.01593,0.26342,0.01046,0.14933,0.00535,1.701,NA,NA,NA,NA,NA,NA,NA,NA,NA,NA
"79","MCAS","MTH","2011","4",218889,TRUE,TRUE,0.65271,0.01662,-1.39497,0.09289,0.28179,0.03662,1.701,NA,NA,NA,NA,NA,NA,NA,NA,NA,NA
"80","MCAS","MTH","2011","4",258201,TRUE,TRUE,0.81807,0.01524,-0.52076,0.03402,0.25274,0.01426,1.701,NA,NA,NA,NA,NA,NA,NA,NA,NA,NA
"81","MCAS","MTH","2011","4",258190,TRUE,FALSE,0.86384,0,0.67372,0,0.13494,0,1.701,NA,NA,NA,NA,NA,NA,NA,NA,NA,NA
"82","MCAS","MTH","2011","4",227518,TRUE,FALSE,1.54446,0,-0.239,0,0.29958,0,1.701,NA,NA,NA,NA,NA,NA,NA,NA,NA,NA
"83","MCAS","MTH","2011","4",222082,TRUE,FALSE,0.76594,0,-1.2396,0,0.13843,0,1.701,NA,NA,NA,NA,NA,NA,NA,NA,NA,NA
"84","MCAS","MTH","2011","4",221903,TRUE,FALSE,0.74446,0,-1.0798,0,0.19771,0,1.701,NA,NA,NA,NA,NA,NA,NA,NA,NA,NA
"85","MCAS","MTH","2011","4",258221,TRUE,FALSE,1.57205,0,0.58255,0,0.25546,0,1.701,NA,NA,NA,NA,NA,NA,NA,NA,NA,NA
"86","MCAS","MTH","2011","4",221974,TRUE,FALSE,0.88569,0,-1.00492,0,0.32313,0,1.701,NA,NA,NA,NA,NA,NA,NA,NA,NA,NA
"87","MCAS","MTH","2011","4",226150,TRUE,FALSE,1.14859,0,-0.66641,0,0.13311,0,1.701,NA,NA,NA,NA,NA,NA,NA,NA,NA,NA
"88","MCAS","MTH","2011","4",250328,TRUE,FALSE,0.82419,0,-0.83699,0,0.1431,0,1.701,NA,NA,NA,NA,NA,NA,NA,NA,NA,NA
"89","MCAS","MTH","2011","4",247587,TRUE,FALSE,1.05833,0,-0.21612,0,0.14431,0,1.701,NA,NA,NA,NA,NA,NA,NA,NA,NA,NA
"90","MCAS","MTH","2011","4",221984,TRUE,FALSE,1.02034,0,-0.62095,0,0.13419,0,1.701,NA,NA,NA,NA,NA,NA,NA,NA,NA,NA
"91","MCAS","MTH","2011","4",227512,TRUE,FALSE,0.83213,0,-0.71671,0,0.08557,0,1.701,NA,NA,NA,NA,NA,NA,NA,NA,NA,NA
"92","MCAS","MTH","2011","4",222095,TRUE,FALSE,1.6739,0,0.54069,0,0.16224,0,1.701,NA,NA,NA,NA,NA,NA,NA,NA,NA,NA
"93","MCAS","MTH","2011","4",228713,TRUE,FALSE,1.31453,0,-0.44946,0,0.24296,0,1.701,NA,NA,NA,NA,NA,NA,NA,NA,NA,NA
"94","MCAS","MTH","2011","4",250443,TRUE,FALSE,1.20698,0,-0.16093,0,0.32309,0,1.701,NA,NA,NA,NA,NA,NA,NA,NA,NA,NA
"95","MCAS","MTH","2011","4",228829,TRUE,FALSE,0.69765,0,-0.6062,0,0.25009,0,1.701,NA,NA,NA,NA,NA,NA,NA,NA,NA,NA
"96","MCAS","MTH","2011","4",218909,TRUE,FALSE,0.94407,0,-0.63488,0,0.26657,0,1.701,NA,NA,NA,NA,NA,NA,NA,NA,NA,NA
"97","MCAS","MTH","2011","4",258237,TRUE,TRUE,0.98172,0.0099,-1.34284,0.01201,0,0,1.701,NA,NA,NA,NA,NA,NA,NA,NA,NA,NA
"98","MCAS","MTH","2011","4",295242,TRUE,TRUE,0.71449,0.00873,-1.8924,0.02121,0,0,1.701,NA,NA,NA,NA,NA,NA,NA,NA,NA,NA
"99","MCAS","MTH","2011","4",279792,TRUE,TRUE,1.05438,0.00881,0.50373,0.0051,0,0,1.701,NA,NA,NA,NA,NA,NA,NA,NA,NA,NA
"100","MCAS","MTH","2011","4",281506,TRUE,TRUE,0.65283,0.0066,0.29239,0.00751,0,0,1.701,NA,NA,NA,NA,NA,NA,NA,NA,NA,NA
"101","MCAS","MTH","2011","4",219072,TRUE,TRUE,0.72063,0.00706,-0.67847,0.01025,0,0,1.701,NA,NA,NA,NA,NA,NA,NA,NA,NA,NA
"102","MCAS","MTH","2011","4",258215,TRUE,TRUE,1.13271,0.00941,-0.42812,0.00635,0,0,1.701,NA,NA,NA,NA,NA,NA,NA,NA,NA,NA
"103","MCAS","MTH","2011","4",247658,TRUE,FALSE,0.91685,0,-0.5232,0,0,0,1.701,NA,NA,NA,NA,NA,NA,NA,NA,NA,NA
"104","MCAS","MTH","2011","4",280105,TRUE,FALSE,0.91278,0,-1.23549,0,0,0,1.701,NA,NA,NA,NA,NA,NA,NA,NA,NA,NA
"105","MCAS","MTH","2011","4",221898,TRUE,FALSE,0.57515,0,-0.5605,0,0,0,1.701,NA,NA,NA,NA,NA,NA,NA,NA,NA,NA
"106","MCAS","MTH","2011","5",280473,TRUE,TRUE,0.59777,0.01356,-1.76082,0.09172,0.25889,0.03448,1.701,NA,NA,NA,NA,NA,NA,NA,NA,NA,NA
"107","MCAS","MTH","2011","5",280490,TRUE,TRUE,0.96507,0.01675,-1.24542,0.03551,0.31775,0.0165,1.701,NA,NA,NA,NA,NA,NA,NA,NA,NA,NA
"108","MCAS","MTH","2011","5",217389,TRUE,TRUE,0.85611,0.01256,-1.42519,0.03266,0.10231,0.01721,1.701,NA,NA,NA,NA,NA,NA,NA,NA,NA,NA
"109","MCAS","MTH","2011","5",273793,TRUE,TRUE,1.1968,0.01696,0.0269,0.01308,0.24669,0.00621,1.701,NA,NA,NA,NA,NA,NA,NA,NA,NA,NA
"110","MCAS","MTH","2011","5",264511,TRUE,TRUE,1.28079,0.02566,1.1615,0.01065,0.33232,0.00366,1.701,NA,NA,NA,NA,NA,NA,NA,NA,NA,NA
"111","MCAS","MTH","2011","5",273795,TRUE,TRUE,0.79128,0.01458,-1.18565,0.04518,0.29995,0.01853,1.701,NA,NA,NA,NA,NA,NA,NA,NA,NA,NA
"112","MCAS","MTH","2011","5",280988,TRUE,TRUE,0.96787,0.01632,-0.33485,0.02366,0.33609,0.00949,1.701,NA,NA,NA,NA,NA,NA,NA,NA,NA,NA
"113","MCAS","MTH","2011","5",280491,TRUE,TRUE,0.98097,0.01407,-0.08563,0.01649,0.19501,0.00744,1.701,NA,NA,NA,NA,NA,NA,NA,NA,NA,NA
"114","MCAS","MTH","2011","5",294280,TRUE,TRUE,1.02637,0.01327,-0.04248,0.01333,0.13229,0.00634,1.701,NA,NA,NA,NA,NA,NA,NA,NA,NA,NA
"115","MCAS","MTH","2011","5",272772,TRUE,TRUE,0.71334,0.00838,-2.00536,0.02065,0,0,1.701,NA,NA,NA,NA,NA,NA,NA,NA,NA,NA
"116","MCAS","MTH","2011","5",261584,TRUE,TRUE,0.95742,0.0135,-0.71085,0.02187,0.17378,0.01071,1.701,NA,NA,NA,NA,NA,NA,NA,NA,NA,NA
"117","MCAS","MTH","2011","5",248892,TRUE,TRUE,0.63777,0.01336,-1.37961,0.06829,0.26793,0.02537,1.701,NA,NA,NA,NA,NA,NA,NA,NA,NA,NA
"118","MCAS","MTH","2011","5",280479,TRUE,TRUE,0.8909,0.01186,-0.96171,0.02321,0.0898,0.01171,1.701,NA,NA,NA,NA,NA,NA,NA,NA,NA,NA
"119","MCAS","MTH","2011","5",204888,TRUE,TRUE,0.95615,0.01268,-0.41367,0.01755,0.13333,0.00844,1.701,NA,NA,NA,NA,NA,NA,NA,NA,NA,NA
"120","MCAS","MTH","2011","5",261579,TRUE,TRUE,0.83931,0.0127,-0.49603,0.02454,0.18004,0.01075,1.701,NA,NA,NA,NA,NA,NA,NA,NA,NA,NA
"121","MCAS","MTH","2011","5",272898,TRUE,TRUE,0.7458,0.01508,-0.06553,0.03205,0.33037,0.01056,1.701,NA,NA,NA,NA,NA,NA,NA,NA,NA,NA
"122","MCAS","MTH","2011","5",204737,TRUE,TRUE,0.99567,0.01401,-1.61298,0.02734,0.07332,0.01601,1.701,NA,NA,NA,NA,NA,NA,NA,NA,NA,NA
"123","MCAS","MTH","2011","5",272777,TRUE,TRUE,1.32415,0.01742,-0.46675,0.01337,0.20941,0.00739,1.701,NA,NA,NA,NA,NA,NA,NA,NA,NA,NA
"124","MCAS","MTH","2011","5",280695,TRUE,TRUE,0.66005,0.00862,-2.40013,0.02711,0,0,1.701,NA,NA,NA,NA,NA,NA,NA,NA,NA,NA
"125","MCAS","MTH","2011","5",280990,TRUE,TRUE,1.35527,0.01948,0.10747,0.01152,0.28269,0.00557,1.701,NA,NA,NA,NA,NA,NA,NA,NA,NA,NA
"126","MCAS","MTH","2011","5",280505,TRUE,TRUE,1.73482,0.03304,0.93708,0.00881,0.4071,0.00339,1.701,NA,NA,NA,NA,NA,NA,NA,NA,NA,NA
"127","MCAS","MTH","2011","5",260824,TRUE,TRUE,0.88629,0.01868,0.86907,0.01688,0.31722,0.0057,1.701,NA,NA,NA,NA,NA,NA,NA,NA,NA,NA
"128","MCAS","MTH","2011","5",248905,TRUE,TRUE,1.24709,0.01859,0.86198,0.00857,0.18106,0.00365,1.701,NA,NA,NA,NA,NA,NA,NA,NA,NA,NA
"129","MCAS","MTH","2011","5",248737,TRUE,TRUE,1.3154,0.0217,0.47813,0.0116,0.34367,0.00486,1.701,NA,NA,NA,NA,NA,NA,NA,NA,NA,NA
"130","MCAS","MTH","2011","5",280486,TRUE,TRUE,0.95596,0.01429,-1.26587,0.02909,0.17427,0.01538,1.701,NA,NA,NA,NA,NA,NA,NA,NA,NA,NA
"131","MCAS","MTH","2011","5",221154,TRUE,TRUE,0.97654,0.013,-0.42973,0.01749,0.143,0.00848,1.701,NA,NA,NA,NA,NA,NA,NA,NA,NA,NA
"132","MCAS","MTH","2011","5",280730,TRUE,TRUE,1.09045,0.02303,0.73417,0.01583,0.43404,0.00511,1.701,NA,NA,NA,NA,NA,NA,NA,NA,NA,NA
"133","MCAS","MTH","2011","5",261589,TRUE,TRUE,1.21002,0.01673,0.12765,0.01187,0.22188,0.00569,1.701,NA,NA,NA,NA,NA,NA,NA,NA,NA,NA
"134","MCAS","MTH","2011","5",261223,TRUE,TRUE,0.79763,0.01347,0.29916,0.01934,0.18991,0.00752,1.701,NA,NA,NA,NA,NA,NA,NA,NA,NA,NA
"135","MCAS","MTH","2011","5",280510,TRUE,TRUE,0.72202,0.00835,-1.94481,0.01979,0,0,1.701,NA,NA,NA,NA,NA,NA,NA,NA,NA,NA
"136","MCAS","MTH","2011","5",248885,TRUE,TRUE,1.00811,0.01451,0.70321,0.01023,0.12766,0.00434,1.701,NA,NA,NA,NA,NA,NA,NA,NA,NA,NA
"137","MCAS","MTH","2011","5",207077,TRUE,TRUE,0.95858,0.01336,0.46302,0.01166,0.12058,0.00507,1.701,NA,NA,NA,NA,NA,NA,NA,NA,NA,NA
"138","MCAS","MTH","2011","5",248869,TRUE,FALSE,0.79206,0,-0.24137,0,0.15733,0,1.701,NA,NA,NA,NA,NA,NA,NA,NA,NA,NA
"139","MCAS","MTH","2011","5",206922,TRUE,FALSE,1.08312,0,0.11174,0,0.51126,0,1.701,NA,NA,NA,NA,NA,NA,NA,NA,NA,NA
"140","MCAS","MTH","2011","5",260681,TRUE,FALSE,0.91964,0,0.26675,0,0.20733,0,1.701,NA,NA,NA,NA,NA,NA,NA,NA,NA,NA
"141","MCAS","MTH","2011","5",217299,TRUE,FALSE,0.74981,0,-0.12908,0,0.20195,0,1.701,NA,NA,NA,NA,NA,NA,NA,NA,NA,NA
"142","MCAS","MTH","2011","5",204708,TRUE,FALSE,0.7586,0,-1.63343,0,0.13469,0,1.701,NA,NA,NA,NA,NA,NA,NA,NA,NA,NA
"143","MCAS","MTH","2011","5",280666,TRUE,FALSE,0.79102,0,-1.39582,0,0.23316,0,1.701,NA,NA,NA,NA,NA,NA,NA,NA,NA,NA
"144","MCAS","MTH","2011","5",273044,TRUE,FALSE,0.731,0,-0.31144,0,0.46429,0,1.701,NA,NA,NA,NA,NA,NA,NA,NA,NA,NA
"145","MCAS","MTH","2011","5",260695,TRUE,FALSE,0.75193,0,-0.19514,0,0.17696,0,1.701,NA,NA,NA,NA,NA,NA,NA,NA,NA,NA
"146","MCAS","MTH","2011","5",261198,TRUE,FALSE,0.60921,0,-0.92484,0,0.31015,0,1.701,NA,NA,NA,NA,NA,NA,NA,NA,NA,NA
"147","MCAS","MTH","2011","5",272892,TRUE,FALSE,0.97702,0,-0.21431,0,0.21676,0,1.701,NA,NA,NA,NA,NA,NA,NA,NA,NA,NA
"148","MCAS","MTH","2011","5",204866,TRUE,FALSE,0.96776,0,-0.03752,0,0.18107,0,1.701,NA,NA,NA,NA,NA,NA,NA,NA,NA,NA
"149","MCAS","MTH","2011","5",206930,TRUE,FALSE,0.99212,0,0.70118,0,0.24298,0,1.701,NA,NA,NA,NA,NA,NA,NA,NA,NA,NA
"150","MCAS","MTH","2011","5",204785,TRUE,FALSE,1.13891,0,-1.10801,0,0.16743,0,1.701,NA,NA,NA,NA,NA,NA,NA,NA,NA,NA
"151","MCAS","MTH","2011","5",260837,TRUE,FALSE,1.01969,0,0.32997,0,0.17707,0,1.701,NA,NA,NA,NA,NA,NA,NA,NA,NA,NA
"152","MCAS","MTH","2011","5",273050,TRUE,FALSE,0.64709,0,-0.29245,0,0.22131,0,1.701,NA,NA,NA,NA,NA,NA,NA,NA,NA,NA
"153","MCAS","MTH","2011","5",272911,TRUE,FALSE,0.91272,0,-0.51018,0,0.10551,0,1.701,NA,NA,NA,NA,NA,NA,NA,NA,NA,NA
"154","MCAS","MTH","2011","5",204924,TRUE,TRUE,0.7265,0.00656,-0.30061,0.00824,0,0,1.701,NA,NA,NA,NA,NA,NA,NA,NA,NA,NA
"155","MCAS","MTH","2011","5",280828,TRUE,TRUE,0.95658,0.00777,0.08472,0.00587,0,0,1.701,NA,NA,NA,NA,NA,NA,NA,NA,NA,NA
"156","MCAS","MTH","2011","5",280503,TRUE,TRUE,1.1081,0.00872,0.32546,0.00507,0,0,1.701,NA,NA,NA,NA,NA,NA,NA,NA,NA,NA
"157","MCAS","MTH","2011","5",280746,TRUE,TRUE,0.66162,0.00623,-0.31952,0.00895,0,0,1.701,NA,NA,NA,NA,NA,NA,NA,NA,NA,NA
"158","MCAS","MTH","2011","5",261596,TRUE,TRUE,0.76388,0.00733,-1.05796,0.01155,0,0,1.701,NA,NA,NA,NA,NA,NA,NA,NA,NA,NA
"159","MCAS","MTH","2011","5",217411,TRUE,TRUE,0.67719,0.00626,0.00012,0.00783,0,0,1.701,NA,NA,NA,NA,NA,NA,NA,NA,NA,NA
"160","MCAS","MTH","2011","5",204915,TRUE,FALSE,0.78411,0,-1.31448,0,0,0,1.701,NA,NA,NA,NA,NA,NA,NA,NA,NA,NA
"161","MCAS","MTH","2011","5",207514,TRUE,FALSE,0.86165,0,-0.41556,0,0,0,1.701,NA,NA,NA,NA,NA,NA,NA,NA,NA,NA
"162","MCAS","MTH","2011","5",280747,TRUE,FALSE,0.60193,0,-0.40019,0,0,0,1.701,NA,NA,NA,NA,NA,NA,NA,NA,NA,NA
"163","MCAS","MTH","2011","6",272287,TRUE,TRUE,0.81873,0.01446,-1.76223,0.05488,0.0978,0.03293,1.701,NA,NA,NA,NA,NA,NA,NA,NA,NA,NA
"164","MCAS","MTH","2011","6",217484,TRUE,TRUE,0.8421,0.01982,-0.22287,0.04049,0.49993,0.01172,1.701,NA,NA,NA,NA,NA,NA,NA,NA,NA,NA
"165","MCAS","MTH","2011","6",282271,TRUE,TRUE,1.23455,0.01749,0.07246,0.01305,0.23727,0.00656,1.701,NA,NA,NA,NA,NA,NA,NA,NA,NA,NA
"166","MCAS","MTH","2011","6",264283,TRUE,TRUE,0.64732,0.01808,-1.24978,0.0997,0.47086,0.02886,1.701,NA,NA,NA,NA,NA,NA,NA,NA,NA,NA
"167","MCAS","MTH","2011","6",282122,TRUE,TRUE,0.81337,0.0148,-0.81536,0.04048,0.27011,0.01757,1.701,NA,NA,NA,NA,NA,NA,NA,NA,NA,NA
"168","MCAS","MTH","2011","6",272298,TRUE,TRUE,0.95325,0.02231,0.91806,0.01792,0.39764,0.0058,1.701,NA,NA,NA,NA,NA,NA,NA,NA,NA,NA
"169","MCAS","MTH","2011","6",282264,TRUE,TRUE,0.80463,0.01147,-0.71838,0.02713,0.06872,0.01352,1.701,NA,NA,NA,NA,NA,NA,NA,NA,NA,NA
"170","MCAS","MTH","2011","6",265893,TRUE,TRUE,0.80145,0.01393,0.12506,0.02342,0.19777,0.00952,1.701,NA,NA,NA,NA,NA,NA,NA,NA,NA,NA
"171","MCAS","MTH","2011","6",251435,TRUE,TRUE,1.26281,0.01737,-0.3575,0.01519,0.21825,0.00844,1.701,NA,NA,NA,NA,NA,NA,NA,NA,NA,NA
"172","MCAS","MTH","2011","6",251311,TRUE,TRUE,1.37909,0.0199,0.7358,0.00841,0.20826,0.004,1.701,NA,NA,NA,NA,NA,NA,NA,NA,NA,NA
"173","MCAS","MTH","2011","6",282131,TRUE,TRUE,1.33167,0.01588,0.42659,0.00782,0.10757,0.00402,1.701,NA,NA,NA,NA,NA,NA,NA,NA,NA,NA
"174","MCAS","MTH","2011","6",272182,TRUE,TRUE,1.19568,0.01537,0.40081,0.00959,0.13108,0.00478,1.701,NA,NA,NA,NA,NA,NA,NA,NA,NA,NA
"175","MCAS","MTH","2011","6",273821,TRUE,TRUE,0.82311,0.01406,-0.65122,0.03412,0.22591,0.01525,1.701,NA,NA,NA,NA,NA,NA,NA,NA,NA,NA
"176","MCAS","MTH","2011","6",251462,TRUE,TRUE,1.00014,0.01359,-0.13238,0.01623,0.13642,0.00808,1.701,NA,NA,NA,NA,NA,NA,NA,NA,NA,NA
"177","MCAS","MTH","2011","6",217513,TRUE,TRUE,1.17324,0.01599,-1.02423,0.0205,0.13061,0.01303,1.701,NA,NA,NA,NA,NA,NA,NA,NA,NA,NA
"178","MCAS","MTH","2011","6",294336,TRUE,TRUE,0.88149,0.0141,0.55046,0.0147,0.14595,0.00631,1.701,NA,NA,NA,NA,NA,NA,NA,NA,NA,NA
"179","MCAS","MTH","2011","6",217529,TRUE,FALSE,0.82318,0.01183,-1.44308,0.03471,0,0.02012,1.701,NA,NA,NA,NA,NA,NA,NA,NA,NA,NA
"180","MCAS","MTH","2011","6",282142,TRUE,TRUE,1.09669,0.01446,-0.04787,0.0138,0.14565,0.00707,1.701,NA,NA,NA,NA,NA,NA,NA,NA,NA,NA
"181","MCAS","MTH","2011","6",272361,TRUE,TRUE,1.1912,0.01533,-0.89702,0.01772,0.10636,0.01114,1.701,NA,NA,NA,NA,NA,NA,NA,NA,NA,NA
"182","MCAS","MTH","2011","6",229883,TRUE,TRUE,1.25103,0.0173,0.20206,0.0116,0.21427,0.00586,1.701,NA,NA,NA,NA,NA,NA,NA,NA,NA,NA
"183","MCAS","MTH","2011","6",272176,TRUE,TRUE,1.2674,0.01727,0.49482,0.00949,0.17982,0.00468,1.701,NA,NA,NA,NA,NA,NA,NA,NA,NA,NA
"184","MCAS","MTH","2011","6",251342,TRUE,TRUE,1.11569,0.01444,-0.23699,0.01461,0.13893,0.00781,1.701,NA,NA,NA,NA,NA,NA,NA,NA,NA,NA
"185","MCAS","MTH","2011","6",221656,TRUE,TRUE,1.29977,0.01708,-0.95341,0.01692,0.12252,0.0112,1.701,NA,NA,NA,NA,NA,NA,NA,NA,NA,NA
"186","MCAS","MTH","2011","6",251471,TRUE,TRUE,0.64615,0.01622,0.09158,0.04531,0.34182,0.01348,1.701,NA,NA,NA,NA,NA,NA,NA,NA,NA,NA
"187","MCAS","MTH","2011","6",282484,TRUE,TRUE,0.91869,0.01154,-1.14033,0.0226,0.00567,0.01264,1.701,NA,NA,NA,NA,NA,NA,NA,NA,NA,NA
"188","MCAS","MTH","2011","6",251397,TRUE,TRUE,1.12483,0.01497,0.0121,0.01328,0.15953,0.00678,1.701,NA,NA,NA,NA,NA,NA,NA,NA,NA,NA
"189","MCAS","MTH","2011","6",273822,TRUE,TRUE,0.88919,0.01598,0.36302,0.0196,0.25995,0.00776,1.701,NA,NA,NA,NA,NA,NA,NA,NA,NA,NA
"190","MCAS","MTH","2011","6",266101,TRUE,TRUE,0.42957,0.01823,0.60614,0.08758,0.32105,0.01942,1.701,NA,NA,NA,NA,NA,NA,NA,NA,NA,NA
"191","MCAS","MTH","2011","6",229931,TRUE,TRUE,1.18344,0.0216,-0.52745,0.02547,0.44178,0.01083,1.701,NA,NA,NA,NA,NA,NA,NA,NA,NA,NA
"192","MCAS","MTH","2011","6",282123,TRUE,TRUE,1.83245,0.02208,-0.12514,0.00779,0.15898,0.00505,1.701,NA,NA,NA,NA,NA,NA,NA,NA,NA,NA
"193","MCAS","MTH","2011","6",222248,TRUE,TRUE,0.79946,0.01325,0.59148,0.01596,0.11759,0.00665,1.701,NA,NA,NA,NA,NA,NA,NA,NA,NA,NA
"194","MCAS","MTH","2011","6",251331,TRUE,TRUE,0.87018,0.01332,0.81221,0.01151,0.08429,0.00488,1.701,NA,NA,NA,NA,NA,NA,NA,NA,NA,NA
"195","MCAS","MTH","2011","6",227737,TRUE,FALSE,1.03134,0,-0.07848,0,0.22096,0,1.701,NA,NA,NA,NA,NA,NA,NA,NA,NA,NA
"196","MCAS","MTH","2011","6",229034,TRUE,FALSE,0.75854,0,-0.57875,0,0.24357,0,1.701,NA,NA,NA,NA,NA,NA,NA,NA,NA,NA
"197","MCAS","MTH","2011","6",229927,TRUE,FALSE,1.22184,0,-0.58482,0,0.15754,0,1.701,NA,NA,NA,NA,NA,NA,NA,NA,NA,NA
"198","MCAS","MTH","2011","6",266115,TRUE,FALSE,0.97414,0,0.25901,0,0.24129,0,1.701,NA,NA,NA,NA,NA,NA,NA,NA,NA,NA
"199","MCAS","MTH","2011","6",227720,TRUE,FALSE,1.27847,0,-0.54972,0,0.20207,0,1.701,NA,NA,NA,NA,NA,NA,NA,NA,NA,NA
"200","MCAS","MTH","2011","6",227709,TRUE,FALSE,1.187,0,-0.84792,0,0.13535,0,1.701,NA,NA,NA,NA,NA,NA,NA,NA,NA,NA
"201","MCAS","MTH","2011","6",251387,TRUE,FALSE,0.4921,0,-0.17571,0,0.23595,0,1.701,NA,NA,NA,NA,NA,NA,NA,NA,NA,NA
"202","MCAS","MTH","2011","6",229917,TRUE,FALSE,1.40927,0,-0.22415,0,0.22391,0,1.701,NA,NA,NA,NA,NA,NA,NA,NA,NA,NA
"203","MCAS","MTH","2011","6",227740,TRUE,FALSE,0.6972,0,0.1665,0,0.15918,0,1.701,NA,NA,NA,NA,NA,NA,NA,NA,NA,NA
"204","MCAS","MTH","2011","6",273824,TRUE,FALSE,0.94057,0,-0.04571,0,0.23721,0,1.701,NA,NA,NA,NA,NA,NA,NA,NA,NA,NA
"205","MCAS","MTH","2011","6",229862,TRUE,TRUE,0.77828,0.07439,-0.93716,0.24134,0.36149,0.09193,1.701,NA,NA,NA,NA,NA,NA,NA,NA,NA,NA
"206","MCAS","MTH","2011","6",223163,TRUE,FALSE,1.08319,0,-0.36141,0,0.2045,0,1.701,NA,NA,NA,NA,NA,NA,NA,NA,NA,NA
"207","MCAS","MTH","2011","6",272358,TRUE,FALSE,1.10199,0,-0.16115,0,0.15524,0,1.701,NA,NA,NA,NA,NA,NA,NA,NA,NA,NA
"208","MCAS","MTH","2011","6",272300,TRUE,FALSE,1.42856,0,0.04723,0,0.21154,0,1.701,NA,NA,NA,NA,NA,NA,NA,NA,NA,NA
"209","MCAS","MTH","2011","6",226187,TRUE,FALSE,1.41458,0,-0.61846,0,0.12825,0,1.701,NA,NA,NA,NA,NA,NA,NA,NA,NA,NA
"210","MCAS","MTH","2011","6",223113,TRUE,FALSE,0.73144,0,-1.25749,0,0.21154,0,1.701,NA,NA,NA,NA,NA,NA,NA,NA,NA,NA
"211","MCAS","MTH","2011","6",282162,TRUE,TRUE,0.4516,0.00585,-1.1935,0.02063,0,0,1.701,NA,NA,NA,NA,NA,NA,NA,NA,NA,NA
"212","MCAS","MTH","2011","6",282252,TRUE,TRUE,0.4534,0.00555,-0.51091,0.01423,0,0,1.701,NA,NA,NA,NA,NA,NA,NA,NA,NA,NA
"213","MCAS","MTH","2011","6",282487,TRUE,TRUE,0.75579,0.00699,0.76337,0.00697,0,0,1.701,NA,NA,NA,NA,NA,NA,NA,NA,NA,NA
"214","MCAS","MTH","2011","6",282350,TRUE,TRUE,0.97128,0.008,0.51458,0.00549,0,0,1.701,NA,NA,NA,NA,NA,NA,NA,NA,NA,NA
"215","MCAS","MTH","2011","6",282161,TRUE,TRUE,0.98498,0.00814,-0.17851,0.0064,0,0,1.701,NA,NA,NA,NA,NA,NA,NA,NA,NA,NA
"216","MCAS","MTH","2011","6",265899,TRUE,TRUE,0.96107,0.00832,-0.53227,0.00775,0,0,1.701,NA,NA,NA,NA,NA,NA,NA,NA,NA,NA
"217","MCAS","MTH","2011","6",272306,TRUE,FALSE,1.0532,0,0.3953,0,0,0,1.701,NA,NA,NA,NA,NA,NA,NA,NA,NA,NA
"218","MCAS","MTH","2011","6",251345,TRUE,FALSE,0.5591,0,-1.47941,0,0,0,1.701,NA,NA,NA,NA,NA,NA,NA,NA,NA,NA
"219","MCAS","MTH","2011","6",264305,TRUE,FALSE,0.54089,0,-0.68675,0,0,0,1.701,NA,NA,NA,NA,NA,NA,NA,NA,NA,NA
"220","MCAS","MTH","2011","7",219454,TRUE,TRUE,0.84593,0.01151,-1.73968,0.03158,0,0.01798,1.701,NA,NA,NA,NA,NA,NA,NA,NA,NA,NA
"221","MCAS","MTH","2011","7",272713,TRUE,TRUE,0.98311,0.01562,-0.84536,0.026,0.30074,0.01144,1.701,NA,NA,NA,NA,NA,NA,NA,NA,NA,NA
"222","MCAS","MTH","2011","7",272150,TRUE,TRUE,0.55281,0.00605,-1.55473,0.01754,0,0,1.701,NA,NA,NA,NA,NA,NA,NA,NA,NA,NA
"223","MCAS","MTH","2011","7",228026,TRUE,TRUE,0.68384,0.01578,-1.35137,0.0712,0.41413,0.02254,1.701,NA,NA,NA,NA,NA,NA,NA,NA,NA,NA
"224","MCAS","MTH","2011","7",261650,TRUE,TRUE,1.0253,0.01905,0.06812,0.0201,0.4286,0.00668,1.701,NA,NA,NA,NA,NA,NA,NA,NA,NA,NA
"225","MCAS","MTH","2011","7",249141,TRUE,TRUE,0.76284,0.01229,-0.08337,0.02255,0.17507,0.00867,1.701,NA,NA,NA,NA,NA,NA,NA,NA,NA,NA
"226","MCAS","MTH","2011","7",259275,TRUE,TRUE,1.38033,0.02467,0.61016,0.01132,0.4033,0.00414,1.701,NA,NA,NA,NA,NA,NA,NA,NA,NA,NA
"227","MCAS","MTH","2011","7",281674,TRUE,TRUE,0.40932,0.00541,-1.85486,0.02607,0,0,1.701,NA,NA,NA,NA,NA,NA,NA,NA,NA,NA
"228","MCAS","MTH","2011","7",250204,TRUE,TRUE,0.80755,0.01303,-0.20459,0.02323,0.21698,0.009,1.701,NA,NA,NA,NA,NA,NA,NA,NA,NA,NA
"229","MCAS","MTH","2011","7",261096,TRUE,TRUE,0.77404,0.01205,0.11892,0.01887,0.14344,0.00735,1.701,NA,NA,NA,NA,NA,NA,NA,NA,NA,NA
"230","MCAS","MTH","2011","7",219417,TRUE,TRUE,1.0519,0.01342,0.37428,0.00993,0.11338,0.00428,1.701,NA,NA,NA,NA,NA,NA,NA,NA,NA,NA
"231","MCAS","MTH","2011","7",219445,TRUE,TRUE,1.40698,0.01985,0.78275,0.00755,0.18457,0.0032,1.701,NA,NA,NA,NA,NA,NA,NA,NA,NA,NA
"232","MCAS","MTH","2011","7",294314,TRUE,TRUE,0.59809,0.0107,-0.62203,0.04063,0.10601,0.01507,1.701,NA,NA,NA,NA,NA,NA,NA,NA,NA,NA
"233","MCAS","MTH","2011","7",262270,TRUE,TRUE,0.89629,0.01317,-0.1146,0.01798,0.19179,0.00747,1.701,NA,NA,NA,NA,NA,NA,NA,NA,NA,NA
"234","MCAS","MTH","2011","7",260253,TRUE,TRUE,0.76064,0.01469,-0.79754,0.0412,0.34887,0.01428,1.701,NA,NA,NA,NA,NA,NA,NA,NA,NA,NA
"235","MCAS","MTH","2011","7",250856,TRUE,TRUE,1.5039,0.02361,0.75746,0.00836,0.28155,0.00347,1.701,NA,NA,NA,NA,NA,NA,NA,NA,NA,NA
"236","MCAS","MTH","2011","7",235452,TRUE,TRUE,0.56245,0.00646,-1.8932,0.02066,0,0,1.701,NA,NA,NA,NA,NA,NA,NA,NA,NA,NA
"237","MCAS","MTH","2011","7",228013,TRUE,TRUE,1.32926,0.01687,-0.00868,0.01011,0.19799,0.00498,1.701,NA,NA,NA,NA,NA,NA,NA,NA,NA,NA
"238","MCAS","MTH","2011","7",281698,TRUE,TRUE,0.64038,0.01328,-0.21014,0.03858,0.26491,0.01227,1.701,NA,NA,NA,NA,NA,NA,NA,NA,NA,NA
"239","MCAS","MTH","2011","7",282957,TRUE,TRUE,1.30534,0.01502,0.38247,0.00736,0.09901,0.00334,1.701,NA,NA,NA,NA,NA,NA,NA,NA,NA,NA
"240","MCAS","MTH","2011","7",272139,TRUE,TRUE,1.11182,0.01518,0.22891,0.01147,0.19169,0.00504,1.701,NA,NA,NA,NA,NA,NA,NA,NA,NA,NA
"241","MCAS","MTH","2011","7",250248,TRUE,TRUE,0.91786,0.01488,-1.57881,0.03737,0.20036,0.0198,1.701,NA,NA,NA,NA,NA,NA,NA,NA,NA,NA
"242","MCAS","MTH","2011","7",219518,TRUE,TRUE,0.94884,0.01644,0.08809,0.01934,0.33526,0.00698,1.701,NA,NA,NA,NA,NA,NA,NA,NA,NA,NA
"243","MCAS","MTH","2011","7",208688,TRUE,TRUE,0.79505,0.01539,-1.69352,0.05742,0.29843,0.02543,1.701,NA,NA,NA,NA,NA,NA,NA,NA,NA,NA
"244","MCAS","MTH","2011","7",219485,TRUE,TRUE,0.96921,0.01235,0.14332,0.01191,0.10626,0.00518,1.701,NA,NA,NA,NA,NA,NA,NA,NA,NA,NA
"245","MCAS","MTH","2011","7",272451,TRUE,TRUE,0.70378,0.01177,-0.64881,0.03364,0.17118,0.0132,1.701,NA,NA,NA,NA,NA,NA,NA,NA,NA,NA
"246","MCAS","MTH","2011","7",281970,TRUE,TRUE,0.72431,0.00683,-1.20268,0.01178,0,0,1.701,NA,NA,NA,NA,NA,NA,NA,NA,NA,NA
"247","MCAS","MTH","2011","7",250225,TRUE,TRUE,1.09773,0.01899,0.42512,0.01428,0.34673,0.00524,1.701,NA,NA,NA,NA,NA,NA,NA,NA,NA,NA
"248","MCAS","MTH","2011","7",208369,TRUE,TRUE,1.04383,0.02136,0.61008,0.01638,0.42253,0.00514,1.701,NA,NA,NA,NA,NA,NA,NA,NA,NA,NA
"249","MCAS","MTH","2011","7",205475,TRUE,TRUE,1.10206,0.0164,0.42638,0.01165,0.22864,0.00482,1.701,NA,NA,NA,NA,NA,NA,NA,NA,NA,NA
"250","MCAS","MTH","2011","7",250531,TRUE,TRUE,1.33916,0.02299,0.26479,0.0132,0.42558,0.00495,1.701,NA,NA,NA,NA,NA,NA,NA,NA,NA,NA
"251","MCAS","MTH","2011","7",205549,TRUE,TRUE,0.91497,0.0135,-0.98366,0.02644,0.19491,0.01261,1.701,NA,NA,NA,NA,NA,NA,NA,NA,NA,NA
"252","MCAS","MTH","2011","7",272149,TRUE,FALSE,1.32335,0,0.70094,0,0.25983,0,1.701,NA,NA,NA,NA,NA,NA,NA,NA,NA,NA
"253","MCAS","MTH","2011","7",205230,TRUE,FALSE,1.12459,0,0.12636,0,0.21936,0,1.701,NA,NA,NA,NA,NA,NA,NA,NA,NA,NA
"254","MCAS","MTH","2011","7",208377,TRUE,FALSE,0.85109,0,-1.35672,0,0.2451,0,1.701,NA,NA,NA,NA,NA,NA,NA,NA,NA,NA
"255","MCAS","MTH","2011","7",249164,TRUE,FALSE,1.35895,0,0.4189,0,0.17659,0,1.701,NA,NA,NA,NA,NA,NA,NA,NA,NA,NA
"256","MCAS","MTH","2011","7",235468,TRUE,FALSE,0.87629,0,-0.41801,0,0.15739,0,1.701,NA,NA,NA,NA,NA,NA,NA,NA,NA,NA
"257","MCAS","MTH","2011","7",235415,TRUE,FALSE,0.73819,0,0.94135,0,0.17584,0,1.701,NA,NA,NA,NA,NA,NA,NA,NA,NA,NA
"258","MCAS","MTH","2011","7",272872,TRUE,FALSE,0.832,0,0.58205,0,0.38114,0,1.701,NA,NA,NA,NA,NA,NA,NA,NA,NA,NA
"259","MCAS","MTH","2011","7",205464,TRUE,FALSE,1.60546,0,0.58687,0,0.29033,0,1.701,NA,NA,NA,NA,NA,NA,NA,NA,NA,NA
"260","MCAS","MTH","2011","7",208512,TRUE,FALSE,1.43719,0,-0.43908,0,0.15584,0,1.701,NA,NA,NA,NA,NA,NA,NA,NA,NA,NA
"261","MCAS","MTH","2011","7",198393,TRUE,FALSE,1.31539,0,0.29835,0,0.18967,0,1.701,NA,NA,NA,NA,NA,NA,NA,NA,NA,NA
"262","MCAS","MTH","2011","7",250480,TRUE,FALSE,1.58447,0,0.32581,0,0.10523,0,1.701,NA,NA,NA,NA,NA,NA,NA,NA,NA,NA
"263","MCAS","MTH","2011","7",208708,TRUE,FALSE,0.75864,0,-0.4515,0,0.08862,0,1.701,NA,NA,NA,NA,NA,NA,NA,NA,NA,NA
"264","MCAS","MTH","2011","7",282222,TRUE,FALSE,1.13511,0,-0.0338,0,0.19646,0,1.701,NA,NA,NA,NA,NA,NA,NA,NA,NA,NA
"265","MCAS","MTH","2011","7",250242,TRUE,FALSE,0.8197,0,-0.07361,0,0.23154,0,1.701,NA,NA,NA,NA,NA,NA,NA,NA,NA,NA
"266","MCAS","MTH","2011","7",261644,TRUE,FALSE,1.2201,0,0.13313,0,0.06681,0,1.701,NA,NA,NA,NA,NA,NA,NA,NA,NA,NA
"267","MCAS","MTH","2011","7",235440,TRUE,FALSE,1.25275,0,0.13862,0,0.4614,0,1.701,NA,NA,NA,NA,NA,NA,NA,NA,NA,NA
"268","MCAS","MTH","2011","7",250207,TRUE,TRUE,0.76296,0.0065,-0.4263,0.0079,0,0,1.701,NA,NA,NA,NA,NA,NA,NA,NA,NA,NA
"269","MCAS","MTH","2011","7",282288,TRUE,TRUE,0.87657,0.00705,-0.05978,0.00634,0,0,1.701,NA,NA,NA,NA,NA,NA,NA,NA,NA,NA
"270","MCAS","MTH","2011","7",259286,TRUE,TRUE,0.59229,0.00591,-1.06479,0.01292,0,0,1.701,NA,NA,NA,NA,NA,NA,NA,NA,NA,NA
"271","MCAS","MTH","2011","7",282322,TRUE,TRUE,0.88505,0.0078,-1.06425,0.00942,0,0,1.701,NA,NA,NA,NA,NA,NA,NA,NA,NA,NA
"272","MCAS","MTH","2011","7",208792,TRUE,TRUE,0.87756,0.00713,-0.36862,0.00695,0,0,1.701,NA,NA,NA,NA,NA,NA,NA,NA,NA,NA
"273","MCAS","MTH","2011","7",287941,TRUE,TRUE,0.87939,0.00824,-1.37626,0.01116,0,0,1.701,NA,NA,NA,NA,NA,NA,NA,NA,NA,NA
"274","MCAS","MTH","2011","7",272875,TRUE,FALSE,0.98416,0,-0.91207,0,0,0,1.701,NA,NA,NA,NA,NA,NA,NA,NA,NA,NA
"275","MCAS","MTH","2011","7",250263,TRUE,FALSE,1.14503,0,-0.12168,0,0,0,1.701,NA,NA,NA,NA,NA,NA,NA,NA,NA,NA
"276","MCAS","MTH","2011","7",250262,TRUE,FALSE,0.91234,0,0.18295,0,0,0,1.701,NA,NA,NA,NA,NA,NA,NA,NA,NA,NA
"277","MCAS","MTH","2011","8",273662,TRUE,TRUE,1.12678,0.01846,-0.86976,0.02634,0.29191,0.0137,1.701,NA,NA,NA,NA,NA,NA,NA,NA,NA,NA
"278","MCAS","MTH","2011","8",272940,TRUE,TRUE,0.59267,0.02019,0.71427,0.0492,0.47416,0.01046,1.701,NA,NA,NA,NA,NA,NA,NA,NA,NA,NA
"279","MCAS","MTH","2011","8",276337,TRUE,TRUE,0.45261,0.00544,-1.07007,0.018,0,0,1.701,NA,NA,NA,NA,NA,NA,NA,NA,NA,NA
"280","MCAS","MTH","2011","8",283254,TRUE,TRUE,0.74033,0.01144,-1.06873,0.03926,0.00889,0.02091,1.701,NA,NA,NA,NA,NA,NA,NA,NA,NA,NA
"281","MCAS","MTH","2011","8",275267,TRUE,TRUE,1.41604,0.01904,-0.54353,0.01354,0.1964,0.00797,1.701,NA,NA,NA,NA,NA,NA,NA,NA,NA,NA
"282","MCAS","MTH","2011","8",295145,TRUE,TRUE,1.01544,0.01389,-0.82624,0.02221,0.10288,0.01261,1.701,NA,NA,NA,NA,NA,NA,NA,NA,NA,NA
"283","MCAS","MTH","2011","8",252998,TRUE,TRUE,0.67643,0.01179,-0.60697,0.0402,0.09824,0.01727,1.701,NA,NA,NA,NA,NA,NA,NA,NA,NA,NA
"284","MCAS","MTH","2011","8",265342,TRUE,TRUE,1.05099,0.01887,0.26345,0.01869,0.3963,0.00664,1.701,NA,NA,NA,NA,NA,NA,NA,NA,NA,NA
"285","MCAS","MTH","2011","8",219602,TRUE,TRUE,0.85739,0.01711,-0.32117,0.03433,0.40192,0.01167,1.701,NA,NA,NA,NA,NA,NA,NA,NA,NA,NA
"286","MCAS","MTH","2011","8",276361,TRUE,TRUE,0.55841,0.00695,-1.87914,0.02355,0,0,1.701,NA,NA,NA,NA,NA,NA,NA,NA,NA,NA
"287","MCAS","MTH","2011","8",253818,TRUE,TRUE,0.71696,0.01628,0.2963,0.0335,0.36125,0.00992,1.701,NA,NA,NA,NA,NA,NA,NA,NA,NA,NA
"288","MCAS","MTH","2011","8",273658,TRUE,TRUE,1.28007,0.01926,0.25829,0.01257,0.31615,0.0055,1.701,NA,NA,NA,NA,NA,NA,NA,NA,NA,NA
"289","MCAS","MTH","2011","8",253702,TRUE,TRUE,1.08744,0.01652,0.0552,0.01617,0.27904,0.00698,1.701,NA,NA,NA,NA,NA,NA,NA,NA,NA,NA
"290","MCAS","MTH","2011","8",294565,TRUE,TRUE,1.19989,0.01914,0.30138,0.01408,0.34412,0.00572,1.701,NA,NA,NA,NA,NA,NA,NA,NA,NA,NA
"291","MCAS","MTH","2011","8",219567,TRUE,TRUE,0.66657,0.01125,-0.38199,0.03452,0.07461,0.01441,1.701,NA,NA,NA,NA,NA,NA,NA,NA,NA,NA
"292","MCAS","MTH","2011","8",252991,TRUE,TRUE,1.61411,0.03582,1.11744,0.0111,0.50066,0.00333,1.701,NA,NA,NA,NA,NA,NA,NA,NA,NA,NA
"293","MCAS","MTH","2011","8",229595,TRUE,TRUE,0.66941,0.01186,-1.33581,0.0587,0,0.03142,1.701,NA,NA,NA,NA,NA,NA,NA,NA,NA,NA
"294","MCAS","MTH","2011","8",219587,TRUE,TRUE,1.16182,0.0186,-0.04087,0.01709,0.34885,0.00719,1.701,NA,NA,NA,NA,NA,NA,NA,NA,NA,NA
"295","MCAS","MTH","2011","8",276363,TRUE,TRUE,1.2454,0.01445,0.18212,0.00913,0.10496,0.0045,1.701,NA,NA,NA,NA,NA,NA,NA,NA,NA,NA
"296","MCAS","MTH","2011","8",273661,TRUE,TRUE,1.47558,0.01827,0.54756,0.00752,0.16523,0.00362,1.701,NA,NA,NA,NA,NA,NA,NA,NA,NA,NA
"297","MCAS","MTH","2011","8",264729,TRUE,TRUE,0.80302,0.01346,-1.03282,0.0409,0.13877,0.02077,1.701,NA,NA,NA,NA,NA,NA,NA,NA,NA,NA
"298","MCAS","MTH","2011","8",219633,TRUE,TRUE,1.21732,0.01655,-0.48657,0.01588,0.19087,0.00864,1.701,NA,NA,NA,NA,NA,NA,NA,NA,NA,NA
"299","MCAS","MTH","2011","8",284201,TRUE,TRUE,1.17794,0.01412,0.0731,0.01057,0.11392,0.00523,1.701,NA,NA,NA,NA,NA,NA,NA,NA,NA,NA
"300","MCAS","MTH","2011","8",253878,TRUE,TRUE,1.60498,0.02642,1.06066,0.00811,0.29234,0.0032,1.701,NA,NA,NA,NA,NA,NA,NA,NA,NA,NA
"301","MCAS","MTH","2011","8",288137,TRUE,TRUE,0.79322,0.01578,0.16969,0.02816,0.33462,0.00934,1.701,NA,NA,NA,NA,NA,NA,NA,NA,NA,NA
"302","MCAS","MTH","2011","8",294566,TRUE,TRUE,0.58051,0.01201,0.05613,0.03972,0.12173,0.01387,1.701,NA,NA,NA,NA,NA,NA,NA,NA,NA,NA
"303","MCAS","MTH","2011","8",219622,TRUE,TRUE,1.30399,0.01416,0.03702,0.00839,0.06974,0.00423,1.701,NA,NA,NA,NA,NA,NA,NA,NA,NA,NA
"304","MCAS","MTH","2011","8",265596,TRUE,TRUE,1.32374,0.01797,0.55861,0.00925,0.21336,0.00421,1.701,NA,NA,NA,NA,NA,NA,NA,NA,NA,NA
"305","MCAS","MTH","2011","8",273668,TRUE,TRUE,1.33699,0.01405,-0.32327,0.00892,0.0383,0.0047,1.701,NA,NA,NA,NA,NA,NA,NA,NA,NA,NA
"306","MCAS","MTH","2011","8",253872,TRUE,TRUE,0.76892,0.00659,-0.27537,0.00787,0,0,1.701,NA,NA,NA,NA,NA,NA,NA,NA,NA,NA
"307","MCAS","MTH","2011","8",229526,TRUE,TRUE,0.95008,0.01236,-0.45982,0.01851,0.07976,0.00941,1.701,NA,NA,NA,NA,NA,NA,NA,NA,NA,NA
"308","MCAS","MTH","2011","8",253853,TRUE,TRUE,0.98426,0.01478,-0.09752,0.0187,0.22735,0.00824,1.701,NA,NA,NA,NA,NA,NA,NA,NA,NA,NA
"309","MCAS","MTH","2011","8",229531,TRUE,FALSE,1.03033,0,0.52082,0,0.35556,0,1.701,NA,NA,NA,NA,NA,NA,NA,NA,NA,NA
"310","MCAS","MTH","2011","8",265932,TRUE,FALSE,0.79949,0,-0.77791,0,0.10321,0,1.701,NA,NA,NA,NA,NA,NA,NA,NA,NA,NA
"311","MCAS","MTH","2011","8",219579,TRUE,FALSE,0.66731,0,-1.48553,0,0.32164,0,1.701,NA,NA,NA,NA,NA,NA,NA,NA,NA,NA
"312","MCAS","MTH","2011","8",264777,TRUE,FALSE,1.15702,0,-0.31933,0,0.21173,0,1.701,NA,NA,NA,NA,NA,NA,NA,NA,NA,NA
"313","MCAS","MTH","2011","8",263846,TRUE,FALSE,1.37843,0,0.66995,0,0.35478,0,1.701,NA,NA,NA,NA,NA,NA,NA,NA,NA,NA
"314","MCAS","MTH","2011","8",227825,TRUE,FALSE,1.58445,0,0.86457,0,0.30014,0,1.701,NA,NA,NA,NA,NA,NA,NA,NA,NA,NA
"315","MCAS","MTH","2011","8",264785,TRUE,FALSE,1.40666,0,1.57625,0,0.25977,0,1.701,NA,NA,NA,NA,NA,NA,NA,NA,NA,NA
"316","MCAS","MTH","2011","8",284198,TRUE,FALSE,0.62867,0,-0.63597,0,0.24155,0,1.701,NA,NA,NA,NA,NA,NA,NA,NA,NA,NA
"317","MCAS","MTH","2011","8",264776,TRUE,FALSE,0.47167,0,-0.96761,0,0,0,1.701,NA,NA,NA,NA,NA,NA,NA,NA,NA,NA
"318","MCAS","MTH","2011","8",253758,TRUE,FALSE,0.76645,0,-0.54141,0,0.20083,0,1.701,NA,NA,NA,NA,NA,NA,NA,NA,NA,NA
"319","MCAS","MTH","2011","8",227756,TRUE,FALSE,0.6269,0,-1.44591,0,0.13165,0,1.701,NA,NA,NA,NA,NA,NA,NA,NA,NA,NA
"320","MCAS","MTH","2011","8",226927,TRUE,FALSE,1.07327,0,0.00523,0,0.13177,0,1.701,NA,NA,NA,NA,NA,NA,NA,NA,NA,NA
"321","MCAS","MTH","2011","8",253742,TRUE,FALSE,1.56498,0,0.73758,0,0.4227,0,1.701,NA,NA,NA,NA,NA,NA,NA,NA,NA,NA
"322","MCAS","MTH","2011","8",219599,TRUE,FALSE,1.3207,0,0.68328,0,0.25986,0,1.701,NA,NA,NA,NA,NA,NA,NA,NA,NA,NA
"323","MCAS","MTH","2011","8",219614,TRUE,FALSE,1.37976,0,-0.45093,0,0.28436,0,1.701,NA,NA,NA,NA,NA,NA,NA,NA,NA,NA
"324","MCAS","MTH","2011","8",219677,TRUE,FALSE,0.56219,0,0.04269,0,0.20406,0,1.701,NA,NA,NA,NA,NA,NA,NA,NA,NA,NA
"325","MCAS","MTH","2011","8",219690,TRUE,TRUE,0.74768,0.00639,0.38479,0.00688,0,0,1.701,NA,NA,NA,NA,NA,NA,NA,NA,NA,NA
"326","MCAS","MTH","2011","8",283287,TRUE,TRUE,0.85628,0.00726,-0.52655,0.00804,0,0,1.701,NA,NA,NA,NA,NA,NA,NA,NA,NA,NA
"327","MCAS","MTH","2011","8",219697,TRUE,TRUE,0.81823,0.00731,-0.80008,0.00951,0,0,1.701,NA,NA,NA,NA,NA,NA,NA,NA,NA,NA
"328","MCAS","MTH","2011","8",228548,TRUE,TRUE,0.54788,0.00626,-1.42271,0.01847,0,0,1.701,NA,NA,NA,NA,NA,NA,NA,NA,NA,NA
"329","MCAS","MTH","2011","8",284918,TRUE,TRUE,0.93257,0.00744,-0.06734,0.00633,0,0,1.701,NA,NA,NA,NA,NA,NA,NA,NA,NA,NA
"330","MCAS","MTH","2011","8",265963,TRUE,TRUE,0.7558,0.00658,-0.40077,0.00839,0,0,1.701,NA,NA,NA,NA,NA,NA,NA,NA,NA,NA
"331","MCAS","MTH","2011","8",228127,TRUE,FALSE,0.78633,0,-1.35179,0,0,0,1.701,NA,NA,NA,NA,NA,NA,NA,NA,NA,NA
"332","MCAS","MTH","2011","8",226933,TRUE,FALSE,0.84999,0,0.61805,0,0,0,1.701,NA,NA,NA,NA,NA,NA,NA,NA,NA,NA
"333","MCAS","MTH","2011","8",285104,TRUE,FALSE,1.35594,0,0.45853,0,0,0,1.701,NA,NA,NA,NA,NA,NA,NA,NA,NA,NA
"334","MCAS","MTH","2011","10",281662,TRUE,TRUE,1.08837,0,0.09971,0,0.21814,0,1.701,NA,NA,NA,NA,NA,NA,NA,NA,NA,NA
"335","MCAS","MTH","2011","10",253199,TRUE,TRUE,1.80812,0,0.93945,0,0.22382,0,1.701,NA,NA,NA,NA,NA,NA,NA,NA,NA,NA
"336","MCAS","MTH","2011","10",282175,TRUE,TRUE,1.03823,0,0.94186,0,0.29005,0,1.701,NA,NA,NA,NA,NA,NA,NA,NA,NA,NA
"337","MCAS","MTH","2011","10",282111,TRUE,TRUE,0.88223,0,0.22241,0,0.1861,0,1.701,NA,NA,NA,NA,NA,NA,NA,NA,NA,NA
"338","MCAS","MTH","2011","10",272961,TRUE,TRUE,0.89991,0,1.98806,0,0.61344,0,1.701,NA,NA,NA,NA,NA,NA,NA,NA,NA,NA
"339","MCAS","MTH","2011","10",279254,TRUE,TRUE,1.2067,0,1.80077,0,0.35514,0,1.701,NA,NA,NA,NA,NA,NA,NA,NA,NA,NA
"340","MCAS","MTH","2011","10",260872,TRUE,TRUE,2.19797,0,0.72812,0,0.23776,0,1.701,NA,NA,NA,NA,NA,NA,NA,NA,NA,NA
"341","MCAS","MTH","2011","10",282151,TRUE,TRUE,0.94845,0,-0.1367,0,0.20875,0,1.701,NA,NA,NA,NA,NA,NA,NA,NA,NA,NA
"342","MCAS","MTH","2011","10",281523,TRUE,TRUE,1.20234,0,1.24897,0,0.14726,0,1.701,NA,NA,NA,NA,NA,NA,NA,NA,NA,NA
"343","MCAS","MTH","2011","10",281567,TRUE,TRUE,0.90148,0,1.2848,0,0.16264,0,1.701,NA,NA,NA,NA,NA,NA,NA,NA,NA,NA
"344","MCAS","MTH","2011","10",261529,TRUE,TRUE,1.61471,0,0.68437,0,0.14791,0,1.701,NA,NA,NA,NA,NA,NA,NA,NA,NA,NA
"345","MCAS","MTH","2011","10",281517,TRUE,TRUE,1.68868,0,0.32736,0,0.13811,0,1.701,NA,NA,NA,NA,NA,NA,NA,NA,NA,NA
"346","MCAS","MTH","2011","10",282137,TRUE,TRUE,1.16967,0,-0.10088,0,0.18747,0,1.701,NA,NA,NA,NA,NA,NA,NA,NA,NA,NA
"347","MCAS","MTH","2011","10",261524,TRUE,TRUE,1.33251,0,1.24123,0,0.27335,0,1.701,NA,NA,NA,NA,NA,NA,NA,NA,NA,NA
"348","MCAS","MTH","2011","10",281643,TRUE,TRUE,1.34023,0,0.16718,0,0.36545,0,1.701,NA,NA,NA,NA,NA,NA,NA,NA,NA,NA
"349","MCAS","MTH","2011","10",282091,TRUE,TRUE,1.72696,0,0.61729,0,0.26169,0,1.701,NA,NA,NA,NA,NA,NA,NA,NA,NA,NA
"350","MCAS","MTH","2011","10",260880,TRUE,TRUE,1.8003,0,1.32313,0,0.17994,0,1.701,NA,NA,NA,NA,NA,NA,NA,NA,NA,NA
"351","MCAS","MTH","2011","10",281575,TRUE,TRUE,1.80481,0,1.17671,0,0.25122,0,1.701,NA,NA,NA,NA,NA,NA,NA,NA,NA,NA
"352","MCAS","MTH","2011","10",273806,TRUE,TRUE,1.9346,0,1.34413,0,0.38372,0,1.701,NA,NA,NA,NA,NA,NA,NA,NA,NA,NA
"353","MCAS","MTH","2011","10",282075,TRUE,TRUE,0.71449,0,1.08685,0,0.26828,0,1.701,NA,NA,NA,NA,NA,NA,NA,NA,NA,NA
"354","MCAS","MTH","2011","10",281654,TRUE,TRUE,1.13938,0,1.37504,0,0.22176,0,1.701,NA,NA,NA,NA,NA,NA,NA,NA,NA,NA
"355","MCAS","MTH","2011","10",260192,TRUE,TRUE,0.79595,0,0.554,0,0.15283,0,1.701,NA,NA,NA,NA,NA,NA,NA,NA,NA,NA
"356","MCAS","MTH","2011","10",250946,TRUE,TRUE,1.50433,0,1.66027,0,0.25906,0,1.701,NA,NA,NA,NA,NA,NA,NA,NA,NA,NA
"357","MCAS","MTH","2011","10",281526,TRUE,TRUE,1.7347,0,-0.01196,0,0.28649,0,1.701,NA,NA,NA,NA,NA,NA,NA,NA,NA,NA
"358","MCAS","MTH","2011","10",274038,TRUE,TRUE,2.04412,0,-0.07801,0,0.1854,0,1.701,NA,NA,NA,NA,NA,NA,NA,NA,NA,NA
"359","MCAS","MTH","2011","10",282081,TRUE,TRUE,1.50349,0,-0.14651,0,0.16132,0,1.701,NA,NA,NA,NA,NA,NA,NA,NA,NA,NA
"360","MCAS","MTH","2011","10",281594,TRUE,TRUE,0.53615,0,1.80138,0,0.2326,0,1.701,NA,NA,NA,NA,NA,NA,NA,NA,NA,NA
"361","MCAS","MTH","2011","10",281710,TRUE,TRUE,1.26505,0,-0.31168,0,0.22709,0,1.701,NA,NA,NA,NA,NA,NA,NA,NA,NA,NA
"362","MCAS","MTH","2011","10",281528,TRUE,TRUE,1.75849,0,1.33002,0,0.27046,0,1.701,NA,NA,NA,NA,NA,NA,NA,NA,NA,NA
"363","MCAS","MTH","2011","10",274473,TRUE,TRUE,0.78916,0,-0.61573,0,0.28494,0,1.701,NA,NA,NA,NA,NA,NA,NA,NA,NA,NA
"364","MCAS","MTH","2011","10",281597,TRUE,TRUE,1.54379,0,0.24655,0,0.31368,0,1.701,NA,NA,NA,NA,NA,NA,NA,NA,NA,NA
"365","MCAS","MTH","2011","10",281720,TRUE,TRUE,1.40134,0,-0.17215,0,0.16791,0,1.701,NA,NA,NA,NA,NA,NA,NA,NA,NA,NA
"366","MCAS","MTH","2011","10",279260,TRUE,TRUE,0.94038,0,0.64066,0,0,0,1.701,NA,NA,NA,NA,NA,NA,NA,NA,NA,NA
"367","MCAS","MTH","2011","10",251056,TRUE,TRUE,0.73458,0,0.34039,0,0,0,1.701,NA,NA,NA,NA,NA,NA,NA,NA,NA,NA
"368","MCAS","MTH","2011","10",273628,TRUE,TRUE,0.76851,0,-0.61678,0,0,0,1.701,NA,NA,NA,NA,NA,NA,NA,NA,NA,NA
"369","MCAS","MTH","2011","10",254660,TRUE,TRUE,0.79481,0,0.86803,0,0,0,1.701,NA,NA,NA,NA,NA,NA,NA,NA,NA,NA
"370","MCAS","MTH","2011","3",281998,FALSE,TRUE,0.98006,0.00601,-1.31114,0.00533,0,0,1.701,1.35118,0.01499,-1.35118,0.00535,0,0,NA,NA,NA,NA
"371","MCAS","MTH","2011","3",241024,FALSE,TRUE,0.89216,0.00485,-0.84139,0.00543,0,0,1.701,1.05174,0.00996,-1.05174,0.00571,0,0,NA,NA,NA,NA
"372","MCAS","MTH","2011","3",252972,FALSE,FALSE,0.85855,0,-1.28862,0.0068,0,0,1.701,0.86854,0.01133,-0.86854,0.00622,0,0,NA,NA,NA,NA
"373","MCAS","MTH","2011","3",283021,FALSE,TRUE,1.04729,0.00683,-0.97456,0.00615,0,0,1.701,0.43657,0.00757,-0.43657,0.00553,0,0,NA,NA,NA,NA
"374","MCAS","MTH","2011","3",203638,FALSE,TRUE,0.73652,0.02047,-0.90485,0.03216,0,0,1.701,0.53707,0.03803,-0.53707,0.02948,0,0,NA,NA,NA,NA
"375","MCAS","MTH","2011","3",208002,FALSE,FALSE,0.97408,0,-1.02989,0,0,0,1.701,0.11665,0,-0.11665,0,0,0,NA,NA,NA,NA
"376","MCAS","MTH","2011","4",281891,FALSE,TRUE,1.44891,0.00615,-0.36139,0.00306,0,0,1.701,1.30444,0.00841,0.26819,0.00493,-0.40966,0.00404,-1.16297,0.00406,0,0
"377","MCAS","MTH","2011","4",281896,FALSE,TRUE,1.23193,0,-0.67553,0.00372,0,0,1.701,1.44521,0.01134,0.37755,0.00637,-0.6203,0.00459,-1.20247,0.00444,0,0
"378","MCAS","MTH","2011","4",258283,FALSE,TRUE,0.91212,0.00366,0.55596,0.00452,0,0,1.701,1.39512,0.00688,0.24008,0.00554,-0.3348,0.00574,-1.3004,0.00768,0,0
"379","MCAS","MTH","2011","4",258253,FALSE,TRUE,1.17749,0.0063,-0.41222,0.00431,0,0,1.701,0.44575,0.00603,0.20637,0.00549,-0.05273,0.00507,-0.59939,0.00464,0,0
"380","MCAS","MTH","2011","4",227315,FALSE,FALSE,0.94645,0,-0.41814,0,0,0,1.701,1.66253,0,0.56754,0,-0.58466,0,-1.64541,0,0,0
"381","MCAS","MTH","2011","4",227323,FALSE,FALSE,0.65276,0,-0.42584,0,0,0,1.701,1.54572,0,0.33035,0,-0.4023,0,-1.47376,0,0,0
"382","MCAS","MTH","2011","5",249171,FALSE,TRUE,0.78503,0.00386,-1.69862,0.00627,0,0,1.701,1.77731,0.02226,0.73553,0.01327,-0.69849,0.00782,-1.81435,0.00652,0,0
"383","MCAS","MTH","2011","5",272899,FALSE,TRUE,1.13609,0.00499,-0.48154,0.00395,0,0,1.701,1.32456,0.00932,0.09683,0.0056,-0.06938,0.00536,-1.35202,0.00504,0,0
"384","MCAS","MTH","2011","5",280511,FALSE,TRUE,1.06858,0.00415,0.28688,0.00389,0,0,1.701,1.53532,0.00736,0.46241,0.0053,-0.46682,0.00511,-1.53091,0.00687,0,0
"385","MCAS","MTH","2011","5",273032,FALSE,TRUE,1.04378,0.00459,-0.27066,0.00419,0,0,1.701,1.05544,0.00765,0.18794,0.00569,-0.10981,0.00536,-1.13357,0.00533,0,0
"386","MCAS","MTH","2011","5",198686,FALSE,FALSE,1.07174,0,-0.53072,0,0,0,1.701,1.28061,0,0.12386,0,-0.14451,0,-1.25996,0,0,0
"387","MCAS","MTH","2011","5",198678,FALSE,FALSE,1.03969,0,-0.11567,0,0,0,1.701,1.18292,0,0.17885,0,-0.22656,0,-1.1352,0,0,0
"388","MCAS","MTH","2011","6",282163,FALSE,TRUE,1.21726,0.00581,-0.85243,0.00402,0,0,1.701,1.43676,0.0133,0.04282,0.00614,-0.18259,0.00564,-1.29699,0.00458,0,0
"389","MCAS","MTH","2011","6",282474,FALSE,TRUE,1.38711,0.00578,0.33017,0.0031,0,0,1.701,1.16922,0.00572,0.10479,0.00417,-0.29996,0.00409,-0.97405,0.00469,0,0
"390","MCAS","MTH","2011","6",272190,FALSE,TRUE,1.06223,0.00551,-0.64498,0.00489,0,0,1.701,0.8565,0.00855,0.04947,0.0061,-0.12992,0.00578,-0.77605,0.00514,0,0
"391","MCAS","MTH","2011","6",282490,FALSE,TRUE,0.96212,0.0044,-0.16018,0.00452,0,0,1.701,0.77053,0.00703,0.28963,0.00606,0.06564,0.00577,-1.12579,0.00561,0,0
"392","MCAS","MTH","2011","6",282164,FALSE,FALSE,1.38063,0,0.33245,0,0,0,1.701,1.6678,0,-0.08042,0,-0.35449,0,-1.23289,0,0,0
"393","MCAS","MTH","2011","6",229936,FALSE,FALSE,0.97755,0,-0.72926,0,0,0,1.701,1.35136,0,0.16085,0,-0.35115,0,-1.16106,0,0,0
"394","MCAS","MTH","2011","7",259301,FALSE,TRUE,1.19165,0.00502,-0.59105,0.0037,0,0,1.701,1.26647,0.00861,0.41697,0.00598,-0.15641,0.00512,-1.52703,0.00501,0,0
"395","MCAS","MTH","2011","7",282289,FALSE,TRUE,1.16288,0.00475,-0.74837,0.00373,0,0,1.701,1.78487,0.01246,0.74519,0.00733,-0.64501,0.00496,-1.88504,0.0053,0,0
"396","MCAS","MTH","2011","7",205711,FALSE,TRUE,1.15857,0.00523,-0.53802,0.00395,0,0,1.701,0.99296,0.00748,0.27925,0.0057,-0.2711,0.00502,-1.00111,0.00483,0,0
"397","MCAS","MTH","2011","7",272758,FALSE,TRUE,1.30525,0.00565,0.07372,0.00337,0,0,1.701,1.11775,0.0059,0.01717,0.00446,-0.23743,0.00438,-0.89749,0.0047,0,0
"398","MCAS","MTH","2011","7",208665,FALSE,FALSE,1.20913,0,-0.18491,0,0,0,1.701,1.25096,0,0.45886,0,0.0041,0,-1.71391,0,0,0
"399","MCAS","MTH","2011","7",250450,FALSE,FALSE,0.95981,0,-0.58147,0,0,0,1.701,1.16675,0,0.78464,0,0.09098,0,-2.04237,0,0,0
"400","MCAS","MTH","2011","8",264713,FALSE,TRUE,1.14576,0.00491,-0.07614,0.00379,0,0,1.701,1.17241,0.00713,0.23979,0.00527,-0.36452,0.00485,-1.04769,0.00505,0,0
"401","MCAS","MTH","2011","8",265967,FALSE,TRUE,1.26084,0.00566,-0.29535,0.00364,0,0,1.701,0.99821,0.00697,0.14478,0.00512,-0.10824,0.00484,-1.03476,0.00464,0,0
"402","MCAS","MTH","2011","8",239639,FALSE,TRUE,1.33302,0.00572,0.25924,0.00332,0,0,1.701,1.4983,0.00673,-0.05007,0.00441,-0.43501,0.00438,-1.01322,0.00483,0,0
"403","MCAS","MTH","2011","8",264747,FALSE,TRUE,1.19928,0.00504,0.06116,0.00362,0,0,1.701,1.48707,0.0076,0.01605,0.00485,-0.2145,0.00474,-1.28863,0.0053,0,0
"404","MCAS","MTH","2011","8",253798,FALSE,FALSE,1.29303,0,-0.04268,0,0,0,1.701,0.85106,0,0.17963,0,-0.16185,0,-0.86885,0,0,0
"405","MCAS","MTH","2011","8",253813,FALSE,FALSE,1.15659,0,-0.11712,0,0,0,1.701,1.17788,0,0.36878,0,0.21904,0,-1.7657,0,0,0
"406","MCAS","MTH","2011","10",286243,FALSE,TRUE,1.43982,0,0.92758,0,0,0,1.701,0.89094,0,0.14321,0,-0.2887,0,-0.74544,0,0,0
"407","MCAS","MTH","2011","10",285593,FALSE,TRUE,1.31917,0,1.09499,0,0,0,1.701,1.47568,0,0.06871,0,-0.70469,0,-0.8397,0,0,0
"408","MCAS","MTH","2011","10",285493,FALSE,TRUE,1.62572,0,0.90659,0,0,0,1.701,0.76435,0,-0.00831,0,-0.23231,0,-0.52373,0,0,0
"409","MCAS","MTH","2011","10",268443,FALSE,TRUE,1.93118,0,0.20426,0,0,0,1.701,0.94246,0,0.19111,0,-0.27205,0,-0.86153,0,0,0
"410","MCAS","MTH","2011","10",285609,FALSE,TRUE,1.38245,0,0.54823,0,0,0,1.701,1.67398,0,0.42058,0,-0.59584,0,-1.49873,0,0,0
"411","MCAS","MTH","2011","10",279833,FALSE,TRUE,1.67965,0,0.5057,0,0,0,1.701,0.72868,0,0.2194,0,-0.20147,0,-0.74661,0,0,0
